customer_id,name,email,city,segment,signup_date,total_orders
1,"Aryan Maharaj",aryan1@example.com,Mumbai,Regular,2023-10-09,5
2,"Udant Dewan",udant2@example.com,Hyderabad,Regular,2023-05-23,5
3,"Gagan Sami",gagan3@example.com,Mumbai,VIP,2024-07-12,8
4,"Ayushman Chander",ayushman4@example.com,Mumbai,Premium,2024-03-08,5
5,"Viraj Tiwari",viraj5@example.com,Delhi,Regular,2023-04-06,7
6,"Rushil Saini",rushil6@example.com,Hyderabad,Regular,2024-06-01,5
7,"Saumya Mall",saumya7@example.com,Lucknow,Regular,2024-07-28,4
8,"Nathaniel Sami",nathaniel8@example.com,Hyderabad,VIP,2024-07-12,5
9,"Arunima Dugal",arunima9@example.com,Kolkata,Regular,2024-04-04,3
10,"Gayathri Chaudry",gayathri10@example.com,Lucknow,Regular,2023-01-07,9
11,"Lajita Chatterjee",lajita11@example.com,Bangalore,VIP,2024-03-08,7
12,"Hemangini Lalla",hemangini12@example.com,Pune,Regular,2023-06-09,9
13,"Tripti Yadav",tripti13@example.com,Hyderabad,Regular,2023-04-15,5
14,"Kritika Brar",kritika14@example.com,Mumbai,Premium,2023-04-10,9
15,"Janaki Handa",janaki15@example.com,Pune,Regular,2023-09-28,3
16,"Chakradev Kari",chakradev16@example.com,Delhi,VIP,2024-04-15,6
17,"Fariq Kaul",fariq17@example.com,Jaipur,Regular,2024-01-23,9
18,"Lajita Mall",lajita18@example.com,Mumbai,Premium,2023-10-28,10
19,"Janya Gaba",janya19@example.com,Lucknow,Regular,2024-08-14,8
20,"Isha Kadakia",isha20@example.com,Hyderabad,VIP,2023-03-13,9
21,"Ekbal Garg",ekbal21@example.com,Delhi,VIP,2023-08-22,8
22,"Nihal Shere",nihal22@example.com,Chennai,Regular,2023-08-27,8
23,"Anamika Kanda",anamika23@example.com,Mumbai,Premium,2023-10-12,7
24,"Daksh Karnik",daksh24@example.com,Ahmedabad,VIP,2024-01-09,10
25,"Diya Rattan",diya25@example.com,Bangalore,Regular,2023-12-30,8
26,"Dominic Kakar",dominic26@example.com,Hyderabad,VIP,2023-10-01,10
27,"Simon Tata",simon27@example.com,Mumbai,Premium,2023-06-25,4
28,"Tara Dhar",tara28@example.com,Jaipur,VIP,2023-09-08,9
29,"Liam Koshy",liam29@example.com,Bangalore,Premium,2024-01-24,3
30,"Priya Rastogi",priya30@example.com,Chennai,VIP,2024-07-24,7
31,"Theodore Devi",theodore31@example.com,Hyderabad,VIP,2023-11-29,4
32,"Gavin Batta",gavin32@example.com,Delhi,Regular,2023-02-02,4
33,"Michael Dutta",michael33@example.com,Pune,Premium,2023-10-02,7
34,"Devansh Rajan",devansh34@example.com,Mumbai,Regular,2024-08-03,6
35,"Upadhriti Wadhwa",upadhriti35@example.com,Pune,Regular,2024-05-26,6
36,"Advay Contractor",advay36@example.com,Kolkata,VIP,2024-04-14,8
37,"Harini Choudhury",harini37@example.com,Bangalore,Regular,2023-05-23,2
38,"Radhika Dugar",radhika38@example.com,Hyderabad,VIP,2024-07-28,8
39,"Aarush Lall",aarush39@example.com,Jaipur,Regular,2024-08-21,6
40,"Yashica Cherian",yashica40@example.com,Kolkata,Premium,2024-02-13,5
41,"Yashica Issac",yashica41@example.com,Pune,Regular,2023-05-22,5
42,"Kashvi Edwin",kashvi42@example.com,Jaipur,Premium,2023-04-04,8
43,"Ekiya Suresh",ekiya43@example.com,Delhi,Regular,2023-06-06,5
44,"Isaac Patil",isaac44@example.com,Bangalore,VIP,2024-03-08,3
45,"Wriddhish Bhardwaj",wriddhish45@example.com,Lucknow,Regular,2024-01-30,4
46,"Farhan Chada",farhan46@example.com,Kolkata,Premium,2024-04-24,8
47,"Ekapad Walia",ekapad47@example.com,Jaipur,Regular,2024-07-20,8
48,"Kabir Soman",kabir48@example.com,Delhi,VIP,2023-04-28,3
49,"Alka Wable",alka49@example.com,Jaipur,Regular,2023-12-15,8
50,"Siddharth Zacharia",siddharth50@example.com,Mumbai,Regular,2024-03-21,5
51,"Devika Rastogi",devika51@example.com,Bangalore,Premium,2023-01-04,4
52,"Raksha Varughese",raksha52@example.com,Chennai,Premium,2023-07-02,5
53,"Jai Kota",jai53@example.com,Jaipur,Regular,2023-11-02,5
54,"Devansh Nigam",devansh54@example.com,Jaipur,Premium,2023-07-23,7
55,"Victor Kannan",victor55@example.com,Bangalore,Regular,2023-06-15,3
56,"Ekavir Bhargava",ekavir56@example.com,Jaipur,Premium,2023-01-01,4
57,"Ekansh Balay",ekansh57@example.com,Lucknow,Regular,2024-05-15,6
58,"Ekavir Varkey",ekavir58@example.com,Delhi,Regular,2024-01-07,8
59,"Arya Sunder",arya59@example.com,Chennai,Regular,2023-03-01,7
60,"Kevin Solanki",kevin60@example.com,Hyderabad,Premium,2023-03-22,4
61,"Urvashi Ray",urvashi61@example.com,Mumbai,VIP,2024-05-12,10
62,"Girindra Chatterjee",girindra62@example.com,Mumbai,Premium,2023-05-09,6
63,"Irya Sampath",irya63@example.com,Bangalore,VIP,2024-05-01,10
64,"Unni Bhagat",unni64@example.com,Jaipur,Regular,2023-09-29,7
65,"Darsh Rau",darsh65@example.com,Jaipur,Premium,2024-03-09,7
66,"Ikbal Kothari",ikbal66@example.com,Hyderabad,Premium,2023-07-25,3
67,"Ranveer Yadav",ranveer67@example.com,Chennai,Premium,2024-01-18,4
68,"Logan Sami",logan68@example.com,Ahmedabad,Premium,2024-04-07,7
69,"Arya Shere",arya69@example.com,Mumbai,Regular,2023-08-19,4
70,"Faqid Savant",faqid70@example.com,Mumbai,Regular,2023-01-22,2
71,"Chandresh Zachariah",chandresh71@example.com,Lucknow,Premium,2023-08-24,10
72,"Girik Khalsa",girik72@example.com,Lucknow,Regular,2023-01-08,7
73,"Niharika Sunder",niharika73@example.com,Mumbai,VIP,2023-03-02,5
74,"Tanay Rattan",tanay74@example.com,Hyderabad,Regular,2023-02-02,7
75,"Nitesh Raghavan",nitesh75@example.com,Pune,Regular,2024-06-10,4
76,"Madhavi Lanka",madhavi76@example.com,Hyderabad,Regular,2024-05-12,4
77,"Bhavika Sampath",bhavika77@example.com,Hyderabad,Premium,2023-05-16,6
78,"Mohammed Gupta",mohammed78@example.com,Lucknow,Premium,2024-04-29,8
79,"Teerth Bhardwaj",teerth79@example.com,Hyderabad,Premium,2024-02-21,4
80,"Dipta Bhandari",dipta80@example.com,Hyderabad,Regular,2023-04-10,6
81,"Vansha Thakkar",vansha81@example.com,Kolkata,Regular,2024-03-09,10
82,"Dakshesh Trivedi",dakshesh82@example.com,Kolkata,Premium,2023-02-25,7
83,"Quincy Biswas",quincy83@example.com,Mumbai,Regular,2024-02-17,4
84,"Wahab Raval",wahab84@example.com,Pune,Regular,2023-09-12,4
85,"Yatin Baral",yatin85@example.com,Hyderabad,Regular,2024-07-03,4
86,"Oni Virk",oni86@example.com,Ahmedabad,Regular,2024-03-08,5
87,"Advika Jayaraman",advika87@example.com,Bangalore,Regular,2024-04-18,10
88,"William Lanka",william88@example.com,Hyderabad,Regular,2024-03-29,5
89,"Karan Mital",karan89@example.com,Jaipur,Regular,2023-02-21,3
90,"Diya Bora",diya90@example.com,Jaipur,Regular,2023-04-06,3
91,"Tara Chaudhry",tara91@example.com,Hyderabad,Regular,2024-02-21,6
92,"Tanay Toor",tanay92@example.com,Ahmedabad,Premium,2023-08-07,3
93,"Kevin Palla",kevin93@example.com,Kolkata,Regular,2023-06-18,7
94,"Yash Pingle",yash94@example.com,Kolkata,Regular,2024-02-04,9
95,"Nakul Sarma",nakul95@example.com,Chennai,Premium,2023-10-20,8
96,"Abhiram Mistry",abhiram96@example.com,Kolkata,VIP,2024-07-23,6
97,"Krish Lalla",krish97@example.com,Ahmedabad,Regular,2023-07-14,8
98,"Hredhaan Dugal",hredhaan98@example.com,Chennai,Regular,2023-03-01,6
99,"Baghyawati Kade",baghyawati99@example.com,Lucknow,VIP,2024-07-09,3
100,"Samar Lalla",samar100@example.com,Delhi,VIP,2023-11-18,8
101,"Zayan Behl",zayan101@example.com,Delhi,Regular,2024-08-21,3
102,"Pallavi Malhotra",pallavi102@example.com,Ahmedabad,Premium,2024-06-27,6
103,"Aarush Nath",aarush103@example.com,Bangalore,Regular,2024-06-04,2
104,"Adweta Edwin",adweta104@example.com,Mumbai,Regular,2023-03-12,10
105,"Prisha Andra",prisha105@example.com,Lucknow,Regular,2023-08-29,6
106,"Faqid Dixit",faqid106@example.com,Kolkata,Regular,2024-08-06,8
107,"Kala Divan",kala107@example.com,Hyderabad,Premium,2023-02-10,4
108,"Joshua Barman",joshua108@example.com,Lucknow,Regular,2024-03-05,2
109,"Janya Baral",janya109@example.com,Lucknow,Premium,2024-06-19,3
110,"Shivansh Krish",shivansh110@example.com,Pune,Regular,2023-07-29,5
111,"Irya Ray",irya111@example.com,Pune,Regular,2023-09-29,2
112,"Warjas Gaba",warjas112@example.com,Kolkata,Regular,2023-11-04,5
113,"Nitara Bakshi",nitara113@example.com,Ahmedabad,Regular,2023-03-16,4
114,"Gaurangi Sabharwal",gaurangi114@example.com,Delhi,Premium,2024-07-30,4
115,"Amara Dutta",amara115@example.com,Mumbai,Regular,2024-07-04,2
116,"Lavanya Barad",lavanya116@example.com,Hyderabad,Premium,2023-09-29,2
117,"Tristan Iyengar",tristan117@example.com,Bangalore,Regular,2023-03-12,2
118,"Inaya Mody",inaya118@example.com,Hyderabad,Regular,2023-10-19,6
119,"Udant Bajwa",udant119@example.com,Bangalore,Premium,2024-07-10,7
120,"Mohini Narasimhan",mohini120@example.com,Chennai,Premium,2024-06-25,10
121,"Ekaraj Mallick",ekaraj121@example.com,Delhi,VIP,2024-07-21,7
122,"Yashodhara Ratta",yashodhara122@example.com,Chennai,VIP,2023-04-17,6
123,"Ayaan D’Alia",ayaan123@example.com,Bangalore,Regular,2023-04-29,7
124,"Pranav Lanka",pranav124@example.com,Mumbai,VIP,2024-07-20,7
125,"Ikbal Saraf",ikbal125@example.com,Bangalore,Regular,2023-10-16,8
126,"Dipta Sarin",dipta126@example.com,Lucknow,Regular,2023-12-18,8
127,"Lekha Gupta",lekha127@example.com,Hyderabad,VIP,2023-09-28,3
128,"Chaitanya Sarin",chaitanya128@example.com,Jaipur,Premium,2023-09-15,7
129,"Zinal Yohannan",zinal129@example.com,Delhi,Regular,2024-03-09,9
130,"Januja Sankar",januja130@example.com,Chennai,Regular,2023-01-04,2
131,"Ganga Murthy",ganga131@example.com,Pune,Regular,2023-09-26,6
132,"Charita Tripathi",charita132@example.com,Bangalore,VIP,2024-03-28,6
133,"Nilima Narain",nilima133@example.com,Jaipur,VIP,2024-03-13,5
134,"Chakrika Datta",chakrika134@example.com,Jaipur,Regular,2023-04-25,3
135,"Osha Raghavan",osha135@example.com,Mumbai,VIP,2023-06-02,11
136,"Charvi Ravi",charvi136@example.com,Jaipur,Regular,2024-01-14,3
137,"Daksha Mangat",daksha137@example.com,Lucknow,Premium,2023-06-01,3
138,"Qushi Nagy",qushi138@example.com,Kolkata,Regular,2023-02-12,6
139,"Riya Sathe",riya139@example.com,Chennai,Regular,2023-02-10,7
140,"Yasti Solanki",yasti140@example.com,Pune,Regular,2023-09-13,4
141,"Frado Mander",frado141@example.com,Mumbai,Regular,2024-07-27,4
142,"Girik Keer",girik142@example.com,Kolkata,Premium,2023-06-08,8
143,"Umang Issac",umang143@example.com,Hyderabad,Regular,2023-07-01,12
144,"Aryan Batra",aryan144@example.com,Kolkata,Regular,2023-07-03,9
145,"Vaishnavi Bora",vaishnavi145@example.com,Pune,Premium,2023-09-12,11
146,"Oeshi Hayer",oeshi146@example.com,Chennai,Regular,2023-04-21,5
147,"Warda Ratta",warda147@example.com,Kolkata,Regular,2024-04-26,9
148,"Manbir Ahluwalia",manbir148@example.com,Hyderabad,Regular,2024-04-16,7
149,"Pavani Kanda",pavani149@example.com,Pune,Regular,2023-08-22,9
150,"Zarna Shetty",zarna150@example.com,Hyderabad,Regular,2023-07-17,5
